<?xml version="1.0" encoding="UTF-8" standalone="yes"?>
<addon id="repository.googlecode.daledude" name="DaleDude Add-ons" version="1.0.0" provider-name="daledude">
	<extension point="xbmc.addon.repository" name="DaleDude Add-on Repository">
		<info compressed="false">http://daledewd-xbmc-repo.googlecode.com/svn/repository.googlecode.daledude/addonsinfo.xml</info>
		<checksum></checksum>
		<datadir zip="false">http://daledewd-xbmc-repo.googlecode.com/svn/addons</datadir>
	</extension>
	<extension point="xbmc.addon.metadata">
		<summary>Install Add-ons from DaleDude's repository</summary>
		<description>Install Add-ons from DaleDude's repository</description>
		<platform>all</platform>
	</extension>
</addon>

